272,502097814,Stephen Jiang,2010-08-04,1951-05-17,M,M,Sales,2010-08-04
277,112432117,Brian Welcker,2010-09-15,1977-01-04,S,M,Sales,2010-09-15
281,841560125,Michael Blythe,2010-12-29,1968-07-25,S,M,Sales,2010-12-29
282,191644724,Linda Mitchell,2010-12-29,1979-09-27,M,F,Sales,2010-12-29
283,615389812,Jillian Carson,2010-12-29,1962-03-29,S,F,Sales,2010-12-29
284,234474252,Garrett Vargas,2010-12-29,1974-09-04,M,M,Sales,2010-12-29
285,716374314,Tsvi Reiter,2010-12-29,1973-08-18,M,M,Sales,2010-12-29
286,61161660,Pamela Ansman-Wolfe,2010-12-29,1974-07-06,S,F,Sales,2010-12-29
287,139397894,Shu Ito,2010-12-29,1943-10-08,M,M,Sales,2010-12-29
288,399771412,José Saraiva,2010-12-29,1939-07-11,M,M,Sales,2010-12-29
289,987554265,David Campbell,2010-12-29,1973-09-11,S,M,Sales,2010-12-29
290,982310417,Amy Alberts,2011-11-15,1957-04-20,M,F,Sales,2011-11-15
291,668991357,Jae Pak,2011-12-29,1967-10-16,M,F,Sales,2011-12-29
292,134219713,Ranjit Varkey Chudukatil,2011-12-29,1975-04-30,S,M,Sales,2011-12-29
293,90836195,Tete Mensa-Annan,2012-04-30,1977-08-05,M,M,Sales,2012-04-30
294,481044938,Syed Abbas,2012-10-12,1974-08-11,M,M,Sales,2012-10-12
295,954276278,Rachel Valdez,2012-12-28,1975-02-06,S,F,Sales,2012-12-28
296,758596752,Lynn Tsoflias,2012-12-28,1970-10-16,S,F,Sales,2012-12-28
